Raymond Recouly	1903-12-18	Le Temps	Bombay	Inde	19.0759837	72.87765590000004	Un général boer à Bombay. - L’expédition anglaise au Tibet	https://www.retronews.fr/journal/le-temps/7-janvier-1904/123/639585/1
Raymond Recouly	1902-08-28	Le Temps	Budapest	Hongrie	47.497912	19.04023499999994	En Hongrie	https://www.retronews.fr/journal/le-temps/2-septembre-1902/123/638915/1
Raymond Recouly	1904-01-04	Le Temps	Calcutta	Inde	22.572646	88.36389499999996	Les anglais de l’Inde et « L’Inde sans les anglais »	https://www.retronews.fr/journal/le-temps/27-janvier-1904/123/1109199/2
Raymond Recouly	1904-06-01	Le Temps	çao fan tchen	Chine			Scènes de la vie aux camps	https://www.retronews.fr/journal/le-temps/8-aout-1904/123/658207/1
Raymond Recouly	1903-04-01	Le Temps	Fez	Maroc	34.0181246	-5.00784509999994	La politique du makhzen	https://www.retronews.fr/journal/le-temps/12-mai-1903/123/639237/2
Raymond Recouly	1903-04-03	Le Temps	Fez	Maroc	34.0181246	-5.00784509999994	Au Maroc	https://www.retronews.fr/journal/le-temps/13-avril-1903/123/657795/1
Raymond Recouly	1903-04-20	Le Temps	Fez	Maroc	34.0181246	-5.00784509999994	Au Maroc	https://www.retronews.fr/journal/le-temps/1-mai-1903/123/639337/2
Raymond Recouly	1903-05-01	Le Temps	Fez	Maroc	34.0181246	-5.00784509999994	La politique du makhzen et les réformes qu’on a voulu y apporter	https://www.retronews.fr/journal/le-temps/22-mai-1903/123/1886491/2
Raymond Recouly	1903-08-01	Le Temps	Fez	Maroc	34.0181246	-5.00784509999994	Moeurs et types de Fez	https://www.retronews.fr/journal/le-temps/17-aout-1903/123/639187/2
Raymond Recouly	1904-08-01	Le Temps	Haï-Tcheng	Chine			La guerre russo-japonaise	https://www.retronews.fr/journal/le-temps/3-aout-1904/123/658245/1
Raymond Recouly	1904-06-01	Le Temps	Kaidjan	Chine			Scènes de la vie aux camps	https://www.retronews.fr/journal/le-temps/6-aout-1904/123/658331/1
Raymond Recouly	1902-09-16	Le Temps	Kolozsvár	Hongrie	46.7712101	23.623635299999933	A propos du centenaire de la naissance de Kossuth	https://www.retronews.fr/journal/le-temps/19-septembre-1902/123/657347/1
Raymond Recouly	1902-10-13	Le Temps	Kolozsvár	Hongrie	46.7712101	23.623635299999933	Les fêtes de Mathias Corvin à Kolosvar	https://www.retronews.fr/journal/le-temps/20-octobre-1902/123/639083/1
Raymond Recouly	1903-12-18	Le Temps	Le Caire	Égypte	30.0444196	31.23571160000006	Le premier touriste en Égypte	https://www.retronews.fr/journal/le-temps/30-decembre-1903/123/639379/3
Raymond Recouly	1904-04-27	Le Temps	Liao-Yang	Chine	41.267244	123.236944	Arrivée à Liao-Yang	https://www.retronews.fr/journal/le-temps/25-mai-1904/123/639661/1
Raymond Recouly	1904-06-10	Le Temps	Liao-Yang	Chine	41.267244	123.236944	La guerre russo-japonaise	https://www.retronews.fr/journal/le-temps/12-juin-1904/123/639657/4
Raymond Recouly	1904-06-14	Le Temps	Liao-Yang	Chine	41.267244	123.236944	La guerre russo-japonaise	https://www.retronews.fr/journal/le-temps/15-juin-1904/123/658093/1
Raymond Recouly	1904-06-17	Le Temps	Liao-Yang	Chine	41.267244	123.236944	La guerre russo-japonaise	https://www.retronews.fr/journal/le-temps/19-juin-1904/123/658217/1
Raymond Recouly	1904-07-24	Le Temps	Liao-Yang	Chine	41.267244	123.236944	La guerre russo-japonaise	https://www.retronews.fr/journal/le-temps/25-juillet-1904/123/658249/1
Raymond Recouly	1904-07-29	Le Temps	Liao-Yang	Chine	41.267244	123.236944	La guerre russo-japonaise	https://www.retronews.fr/journal/le-temps/31-juillet-1904/123/657951/1
Raymond Recouly	1904-08-01	Le Temps	Liao-Yang	Chine	41.267244	123.236944	La rencontre des deux mondes	https://www.retronews.fr/journal/le-temps/21-septembre-1904/123/639595/1
Raymond Recouly	1904-08-01	Le Temps	Liao-Yang	Chine	41.267244	123.236944	La perte de Tachichao et d’Inkéou	https://www.retronews.fr/journal/le-temps/27-septembre-1904/123/658055/1
Raymond Recouly	1904-08-07	Le Temps	Liao-Yang	Chine	41.267244	123.236944	En retraite vers Liao-Yang	https://www.retronews.fr/journal/le-temps/26-octobre-1904/123/658163/2
Raymond Recouly	1904-08-10	Le Temps	Liao-Yang	Chine	41.267244	123.236944	La guerre russo-japonaise	https://www.retronews.fr/journal/le-temps/11-aout-1904/123/639557/4
Raymond Recouly	1904-08-11	Le Temps	Liao-Yang	Chine	41.267244	123.236944	La guerre russo-japonaise	https://www.retronews.fr/journal/le-temps/13-aout-1904/123/639735/1
Raymond Recouly	1904-08-18	Le Temps	Liao-Yang	Chine	41.267244	123.236944	La guerre russo-japonaise	https://www.retronews.fr/journal/le-temps/20-aout-1904/123/639527/1
Raymond Recouly	1904-08-26	Le Temps	Liao-Yang	Chine	41.267244	123.236944	La guerre russo-japonaise	https://www.retronews.fr/journal/le-temps/28-aout-1904/123/639601/4
Raymond Recouly	1904-08-28	Le Temps	Liao-Yang	Chine	41.267244	123.236944	La guerre russo-japonaise	https://www.retronews.fr/journal/le-temps/30-aout-1904/123/658173/1
Raymond Recouly	1904-08-29	Le Temps	Liao-Yang	Chine	41.267244	123.236944	La bataille de Liao-Yang	https://www.retronews.fr/journal/le-temps/3-novembre-1904/123/639685/1
Raymond Recouly	1904-08-30	La Gazette de France	Liao-Yang	Chine	41.267244	123.236944	Le combat de ce matin	https://www.retronews.fr/journal/la-gazette-de-france/31-aout-1904/379/1463397/3
Raymond Recouly	1904-08-30	Le Temps	Liao-Yang	Chine	41.267244	123.236944	La guerre russo-japonaise	https://www.retronews.fr/journal/le-temps/31-aout-1904/123/657991/4
Raymond Recouly	1904-08-31	Le Temps	Liao-Yang	Chine	41.267244	123.236944	Les combats autour de Liao-Yang	https://www.retronews.fr/journal/le-temps/2-septembre-1904/123/639733/1
Raymond Recouly	1904-08-31	Le Temps	Liao-Yang	Chine	41.267244	123.236944	La bataille de Liao-Yang	https://www.retronews.fr/journal/le-temps/4-novembre-1904/123/639775/1
Raymond Recouly	1904-10-01	Le Temps	Liao-Yang	Chine	41.267244	123.236944	La bataille de Liao-Yang	https://www.retronews.fr/journal/le-temps/7-novembre-1904/123/639725/1
Raymond Recouly	1904-05-01	Le Temps	Moukden	Chine	41.805699	123.43147199999999	La capital Mandchoue	https://www.retronews.fr/journal/le-temps/16-juin-1904/123/639505/1
Raymond Recouly	1904-05-13	Le Temps	Moukden	Chine	41.805699	123.43147199999999	Dans la capitale Mandchoue	https://www.retronews.fr/journal/le-temps/10-juin-1904/123/639703/1
Raymond Recouly	1904-05-28	Le Temps	Moukden	Chine	41.805699	123.43147199999999	Une escalade vers la guerre	https://www.retronews.fr/journal/le-temps/28-juin-1904/123/658341/1
Raymond Recouly	1904-10-01	Le Temps	Moukden	Chine	41.805699	123.43147199999999	La guerre russo-japonaise	https://www.retronews.fr/journal/le-temps/17-octobre-1904/123/639593/1
Raymond Recouly	1904-10-17	Le Temps	Moukden	Chine	41.805699	123.43147199999999	La guerre russo-japonaise	https://www.retronews.fr/journal/le-temps/18-octobre-1904/123/639551/1
Raymond Recouly	1904-10-21	Le Temps	Moukden	Chine	41.805699	123.43147199999999	Autour de Moukden	https://www.retronews.fr/journal/le-temps/23-septembre-1904/123/639555/1
Raymond Recouly	1904-03-07	Le Temps	Niou-Tchouang	Chine	40.667433	122.235084	En mandchourie	https://www.retronews.fr/journal/le-temps/9-avril-1904/123/658107/1
Raymond Recouly	1904-03-16	Le Temps	Niou-Tchouang	Chine	40.667433	122.235084	En mandchourie	https://www.retronews.fr/journal/le-temps/19-avril-1904/123/658299/1
Raymond Recouly	1904-03-31	Le Temps	Niou-Tchouang	Chine	40.667433	122.235084	En mandchourie	https://www.retronews.fr/journal/le-temps/6-mai-1904/123/658187/1
Raymond Recouly	1904-04-05	Le Temps	Niou-Tchouang	Chine	40.667433	122.235084	En mandchourie	https://www.retronews.fr/journal/le-temps/13-mai-1904/123/658185/1
Raymond Recouly	1903-08-01	Le Temps	Séville	Espagne	37.3890924	-5.984458899999936	Un syndicat de Séville	https://www.retronews.fr/journal/le-temps/1-septembre-1903/123/657919/2
Raymond Recouly	1904-02-15	Le Temps	Shanghaï	Chine	31.2303904	121.47370209999997	Vers la mêlée	https://www.retronews.fr/journal/le-temps/24-mars-1904/123/639541/2
Raymond Recouly	1902-10-01	Le Temps	Szatmar	Hongrie	47.8016702	22.857592599999975	Les Saxons de Transylvanie	https://www.retronews.fr/journal/le-temps/26-octobre-1902/123/639117/2
Raymond Recouly	1904-07-15	Le Temps	Ta-Che-Kiao	Chine			Impression de retraite	https://www.retronews.fr/journal/le-temps/12-septembre-1904/123/658061/1
Raymond Recouly	1904-07-18	Le Temps	Ta-Che-Kiao	Chine			La guerre russo-japonaise	https://www.retronews.fr/journal/le-temps/20-juillet-1904/123/658179/1
Raymond Recouly	1904-02-20	Le Temps	Tchéfou	Chine	37.46453899999999	121.44785200000001	Vers la Mandchourie	https://www.retronews.fr/journal/le-temps/25-mars-1904/123/658305/1
Raymond Recouly	1902-12-01	Le Temps					La vie politique	https://www.retronews.fr/journal/le-temps/9-decembre-1902/123/657289/1
Raymond Recouly	1903-08-01	Le Temps					Conclusion	https://www.retronews.fr/journal/le-temps/28-aout-1903/123/657657/1
Raymond Recouly	1903-10-01	Le Temps		Espagne			Les ouvriers et les républicains	https://www.retronews.fr/journal/le-temps/21-septembre-1903/123/639357/2
